date,actual,mean,naive,seasonal_naive_daily,seasonal_naive_weekly,drift,sarimax,sarima_targetonly,feature_model,feature_model_conditional,foundation_chronos2,foundation_chronos2_cov
2016-05-13 19:00:00,208.33333333333334,97.46163394267658,348.3333333333333,123.33333333333333,126.66666666666667,348.432667343944,201.53990839414521,202.10432426422787,206.86915588378906,217.98126220703125,150.34402465820312,143.54006958007812
2016-05-13 20:00:00,120.0,97.46163394267658,348.3333333333333,100.0,116.66666666666667,348.53200135455467,179.35226026351555,179.9885832401299,220.61795043945312,222.1626434326172,111.23374938964844,103.1141357421875
2016-05-13 21:00:00,63.333333333333336,97.46163394267658,348.3333333333333,71.66666666666667,71.66666666666667,348.63133536516534,125.3816653978621,122.03968702208792,203.47442626953125,205.43772888183594,76.87728881835938,69.39966583251953
2016-05-13 22:00:00,55.0,97.46163394267658,348.3333333333333,60.0,53.333333333333336,348.730669375776,99.88356548856183,95.7376565098765,118.81128692626953,130.15235900878906,62.43732452392578,58.89021301269531
2016-05-13 23:00:00,61.666666666666664,97.46163394267658,348.3333333333333,56.666666666666664,58.333333333333336,348.8300033863867,83.7765460888197,79.35791625509279,103.50565338134766,93.06975555419922,56.76654815673828,54.777259826660156
2016-05-14 00:00:00,58.333333333333336,97.46163394267658,348.3333333333333,55.0,51.666666666666664,348.92933739699737,80.39528297266486,70.44560730162087,75.2646713256836,71.82433319091797,54.871185302734375,52.785133361816406
2016-05-14 01:00:00,63.333333333333336,97.46163394267658,348.3333333333333,53.333333333333336,56.666666666666664,349.02867140760804,74.48129081081008,65.61538877432454,74.73145294189453,77.33978271484375,54.2609748840332,52.8481330871582
2016-05-14 02:00:00,60.0,97.46163394267658,348.3333333333333,58.333333333333336,53.333333333333336,349.1280054182187,69.95585912780588,61.63632034559367,65.45633697509766,69.8687515258789,53.62415313720703,51.06383514404297
2016-05-14 03:00:00,60.0,97.46163394267658,348.3333333333333,58.333333333333336,55.0,349.2273394288294,67.04037237475468,58.20192924344883,57.47212219238281,68.08718872070312,53.55205535888672,51.50294494628906
2016-05-14 04:00:00,60.0,97.46163394267658,348.3333333333333,50.0,55.0,349.32667343944007,67.02436214484516,56.41303835049908,50.92788314819336,69.33741760253906,52.377376556396484,51.51057815551758
2016-05-14 05:00:00,56.666666666666664,97.46163394267658,348.3333333333333,58.333333333333336,51.666666666666664,349.4260074500508,75.10381821627566,64.16585263157978,55.524444580078125,86.0745849609375,53.12348556518555,55.44430160522461
2016-05-14 06:00:00,63.333333333333336,97.46163394267658,348.3333333333333,146.66666666666666,53.333333333333336,349.5253414606615,86.14828888134234,75.321347698613,88.94901275634766,118.23103332519531,55.99272155761719,64.17973327636719
2016-05-14 07:00:00,113.33333333333333,97.46163394267658,348.3333333333333,176.66666666666666,148.33333333333334,349.62467547127216,114.0126164269163,102.75950245102547,129.0953369140625,139.33717346191406,84.0999755859375,92.5337142944336
2016-05-14 08:00:00,133.33333333333334,97.46163394267658,348.3333333333333,338.3333333333333,121.66666666666667,349.72400948188283,133.61490660778094,122.7688694342786,130.33688354492188,156.57534790039062,132.77667236328125,145.8884735107422
2016-05-14 09:00:00,118.33333333333333,97.46163394267658,348.3333333333333,93.33333333333333,153.33333333333334,349.8233434924935,117.85122871677558,106.86558886762978,126.81669616699219,126.91754150390625,172.48233032226562,141.71893310546875
2016-05-14 10:00:00,158.33333333333334,97.46163394267658,348.3333333333333,73.33333333333333,178.33333333333334,349.9226775031042,125.21095750147349,113.8120856990589,145.83424377441406,151.7593994140625,198.4809112548828,184.96310424804688
2016-05-14 11:00:00,96.66666666666667,97.46163394267658,348.3333333333333,355.0,161.66666666666666,350.02201151371486,136.3471945165461,125.85458131217732,142.6267547607422,143.0145263671875,213.35858154296875,214.74758911132812
2016-05-14 12:00:00,116.66666666666667,97.46163394267658,348.3333333333333,301.6666666666667,86.66666666666667,350.12134552432553,130.69549027115005,117.49790715045714,159.18728637695312,162.34927368164062,190.18902587890625,193.75120544433594
2016-05-14 13:00:00,113.33333333333333,97.46163394267658,348.3333333333333,268.3333333333333,75.0,350.2206795349362,124.93559729753444,110.81190828447842,159.0546417236328,146.76663208007812,167.8199462890625,158.23536682128906
2016-05-14 14:00:00,106.66666666666667,97.46163394267658,348.3333333333333,318.3333333333333,88.33333333333333,350.3200135455469,120.93252740222415,108.5949317473623,153.19297790527344,152.2655487060547,139.87242126464844,137.10133361816406
2016-05-14 15:00:00,130.0,97.46163394267658,348.3333333333333,201.66666666666666,103.33333333333333,350.41934755615756,113.85005671614101,100.10330824821914,114.2592544555664,136.04232788085938,135.78802490234375,128.16329956054688
2016-05-14 16:00:00,111.66666666666667,97.46163394267658,348.3333333333333,351.6666666666667,91.66666666666667,350.51868156676824,147.20500307271857,132.85880423524483,146.32913208007812,156.8462371826172,148.58023071289062,142.14500427246094
2016-05-14 17:00:00,241.66666666666666,97.46163394267658,348.3333333333333,231.66666666666666,83.33333333333333,350.6180155773789,198.83818672355272,183.81403413522546,181.4818572998047,204.78793334960938,159.889892578125,165.95098876953125
2016-05-14 18:00:00,166.66666666666666,97.46163394267658,348.3333333333333,348.3333333333333,285.0,350.7173495879896,198.43322868503995,182.7256767894827,225.51138305664062,222.8939666748047,145.30824279785156,146.9171142578125
2016-05-14 19:00:00,90.0,97.46163394267658,348.3333333333333,123.33333333333333,120.0,350.81668359860026,142.40676860678514,127.2837315988939,138.03599548339844,160.88653564453125,104.80742645263672,100.1769790649414
2016-05-14 20:00:00,86.66666666666667,97.46163394267658,348.3333333333333,100.0,86.66666666666667,350.91601760921094,126.31650249121218,113.6662663443956,134.33978271484375,157.76992797851562,86.75056457519531,87.97924041748047
2016-05-14 21:00:00,75.0,97.46163394267658,348.3333333333333,71.66666666666667,56.666666666666664,351.0153516198216,91.02469169878462,78.1563177945281,114.21721649169922,117.28034210205078,71.1100845336914,67.73316955566406
2016-05-14 22:00:00,61.666666666666664,97.46163394267658,348.3333333333333,60.0,58.333333333333336,351.1146856304323,75.66373422479505,63.390055250148926,96.57762908935547,108.84271240234375,61.987266540527344,59.933712005615234
2016-05-14 23:00:00,48.333333333333336,97.46163394267658,348.3333333333333,56.666666666666664,56.666666666666664,351.21401964104297,67.04368923000919,56.447304250935005,77.24495697021484,83.11190032958984,57.37855529785156,55.615562438964844
2016-05-15 00:00:00,53.333333333333336,97.46163394267658,348.3333333333333,55.0,58.333333333333336,351.31335365165364,65.41267697077174,53.987304841891785,63.38754653930664,66.12507629394531,56.4290885925293,54.98369598388672
2016-05-15 01:00:00,55.0,97.46163394267658,348.3333333333333,53.333333333333336,51.666666666666664,351.4126876622643,65.27977212175404,53.91334686001453,57.07889175415039,66.21745300292969,55.2789421081543,55.64131546020508
2016-05-15 02:00:00,51.666666666666664,97.46163394267658,348.3333333333333,58.333333333333336,55.0,351.51202167287505,64.32360757125639,53.12523103465814,52.79618835449219,57.77755355834961,55.36771774291992,54.277366638183594
2016-05-15 03:00:00,40.0,97.46163394267658,348.3333333333333,58.333333333333336,56.666666666666664,351.6113556834857,63.20942224361036,52.05713702480322,51.958683013916016,54.086639404296875,54.94649124145508,53.54044723510742
2016-05-15 04:00:00,51.666666666666664,97.46163394267658,348.3333333333333,50.0,50.0,351.7106896940964,63.833275363176156,52.198817390922,50.47215270996094,54.572750091552734,55.15132141113281,54.059844970703125
2016-05-15 05:00:00,56.666666666666664,97.46163394267658,348.3333333333333,58.333333333333336,56.666666666666664,351.8100237047071,73.30562894816188,61.1895864836404,54.885169982910156,66.36730194091797,55.8568115234375,55.27532958984375
2016-05-15 06:00:00,51.666666666666664,97.46163394267658,348.3333333333333,146.66666666666666,50.0,351.90935771531775,82.5673351154808,71.16222164049236,118.30482482910156,90.83272552490234,56.74388885498047,59.93260955810547
2016-05-15 07:00:00,93.33333333333333,97.46163394267658,348.3333333333333,176.66666666666666,60.0,352.00869172592843,110.44674749316647,99.1708873031797,117.93685150146484,115.6565933227539,62.69465637207031,67.92202758789062
2016-05-15 08:00:00,118.33333333333333,97.46163394267658,348.3333333333333,338.3333333333333,183.33333333333334,352.1080257365391,128.2735354206149,115.8226968585993,190.88853454589844,131.51686096191406,84.976806640625,81.87296295166016
2016-05-15 09:00:00,101.66666666666667,97.46163394267658,348.3333333333333,93.33333333333333,143.33333333333334,352.2073597471498,119.2128840540186,106.41440883236777,138.0355987548828,133.70706176757812,82.74691009521484,80.51834106445312
2016-05-15 10:00:00,108.33333333333333,97.46163394267658,348.3333333333333,73.33333333333333,135.0,352.30669375776046,127.24066845071115,114.31950665688309,181.98207092285156,127.59121704101562,82.73915100097656,80.01490783691406
2016-05-15 11:00:00,105.0,97.46163394267658,348.3333333333333,355.0,50.0,352.40602776837113,132.6920941784585,119.2684496014887,112.31221008300781,126.65078735351562,79.88784790039062,77.23919677734375
2016-05-15 12:00:00,96.66666666666667,97.46163394267658,348.3333333333333,301.6666666666667,56.666666666666664,352.5053617789818,126.57579735777931,112.24172031353517,130.75819396972656,109.16842651367188,74.99722290039062,74.22765350341797
2016-05-15 13:00:00,136.66666666666666,97.46163394267658,348.3333333333333,268.3333333333333,56.666666666666664,352.6046957895925,120.05309652589321,106.35815445929143,109.85282897949219,98.53667449951172,72.3868637084961,73.54580688476562
2016-05-15 14:00:00,88.33333333333333,97.46163394267658,348.3333333333333,318.3333333333333,56.666666666666664,352.70402980020316,114.96378445446433,102.79581822092261,127.43988800048828,99.61167907714844,70.94586181640625,75.59019470214844
2016-05-15 15:00:00,93.33333333333333,97.46163394267658,348.3333333333333,201.66666666666666,50.0,352.80336381081383,108.37935906362347,97.26027827581106,113.37214660644531,85.99018096923828,73.78042602539062,76.21744537353516
2016-05-15 16:00:00,143.33333333333334,97.46163394267658,348.3333333333333,351.6666666666667,55.0,352.9026978214245,136.79194911386722,126.88975024832946,150.5032501220703,153.8520965576172,85.64226531982422,88.34477233886719
2016-05-15 17:00:00,236.66666666666666,97.46163394267658,348.3333333333333,231.66666666666666,56.666666666666664,353.0020318320352,194.04975153814436,182.47028537688942,188.42909240722656,176.01107788085938,132.68849182128906,137.72689819335938
2016-05-15 18:00:00,98.33333333333333,97.46163394267658,348.3333333333333,348.3333333333333,50.0,353.10136584264586,194.02576232959188,178.22700044708802,194.2234344482422,263.3541564941406,137.99777221679688,147.80397033691406
2016-05-15 19:00:00,96.66666666666667,97.46163394267658,348.3333333333333,123.33333333333333,60.0,353.20069985325654,141.9115518636707,125.2408970038163,125.22157287597656,135.90679931640625,107.08577728271484,99.38862609863281
2016-05-15 20:00:00,246.66666666666666,97.46163394267658,348.3333333333333,100.0,78.33333333333333,353.3000338638672,125.64951561024951,111.86031364945005,131.47372436523438,124.70819854736328,94.03182983398438,90.4059066772461
2016-05-15 21:00:00,203.33333333333334,97.46163394267658,348.3333333333333,71.66666666666667,63.333333333333336,353.3993678744779,86.88777144036187,76.96031725665551,106.21830749511719,101.25049591064453,71.84529876708984,66.17388153076172
2016-05-15 22:00:00,86.66666666666667,97.46163394267658,348.3333333333333,60.0,58.333333333333336,353.49870188508856,69.4566917157949,62.508780100380875,91.50479888916016,87.53411865234375,61.14970397949219,58.07692337036133
2016-05-15 23:00:00,83.33333333333333,97.46163394267658,348.3333333333333,56.666666666666664,53.333333333333336,353.5980358956993,61.74120154154218,55.82306790855465,74.19575500488281,64.74864959716797,57.66994094848633,55.58242416381836
2016-05-16 00:00:00,61.666666666666664,97.46163394267658,348.3333333333333,55.0,55.0,353.69736990631,53.90871410182382,53.538902111373886,59.33753967285156,54.858314514160156,56.24882507324219,55.11742401123047
2016-05-16 01:00:00,53.333333333333336,97.46163394267658,348.3333333333333,53.333333333333336,58.333333333333336,353.79670391692065,53.517436680931695,53.5945103069614,59.362693786621094,57.345462799072266,55.91598892211914,55.294151306152344
2016-05-16 02:00:00,56.666666666666664,97.46163394267658,348.3333333333333,58.333333333333336,55.0,353.8960379275313,52.64385685697755,52.89338475981923,55.49355697631836,56.35025405883789,55.29844284057617,55.319488525390625
2016-05-16 03:00:00,53.333333333333336,97.46163394267658,348.3333333333333,58.333333333333336,53.333333333333336,353.995371938142,51.93444217048798,51.889770455723685,50.88742446899414,51.88405990600586,53.7516975402832,53.846900939941406
2016-05-16 04:00:00,55.0,97.46163394267658,348.3333333333333,50.0,56.666666666666664,354.0947059487527,52.45548471537555,52.08397973635702,50.510555267333984,51.507022857666016,53.90031814575195,53.913360595703125
2016-05-16 05:00:00,51.666666666666664,97.46163394267658,348.3333333333333,58.333333333333336,65.0,354.19403995936335,60.846353290744645,61.10847219133617,59.26483154296875,56.25380325317383,60.910770416259766,60.67448043823242
2016-05-16 06:00:00,53.333333333333336,97.46163394267658,348.3333333333333,146.66666666666666,55.0,354.293373969974,70.30039256818239,71.04953561044512,101.2742919921875,89.13055419921875,63.14421844482422,62.50237274169922
2016-05-16 07:00:00,61.666666666666664,97.46163394267658,348.3333333333333,176.66666666666666,56.666666666666664,354.3927079805847,99.96255431587295,99.07376189486261,120.04898834228516,110.60443878173828,68.36774444580078,69.86195373535156
2016-05-16 08:00:00,88.33333333333333,97.46163394267658,348.3333333333333,338.3333333333333,61.666666666666664,354.4920419911954,118.6828533878638,115.63530665932147,115.06535339355469,122.63750457763672,64.9551773071289,75.46261596679688
2016-05-16 09:00:00,70.0,97.46163394267658,348.3333333333333,93.33333333333333,66.66666666666667,354.59137600180605,111.11935062914246,106.40200661004056,116.23963165283203,125.42768859863281,60.590145111083984,67.12326049804688
2016-05-16 10:00:00,148.33333333333334,97.46163394267658,348.3333333333333,73.33333333333333,55.0,354.69071001241673,120.90206491366452,114.33298853114972,113.97310638427734,138.069580078125,62.17289733886719,69.07569122314453
2016-05-16 11:00:00,103.33333333333333,97.46163394267658,348.3333333333333,355.0,61.666666666666664,354.7900440230274,126.41078590322586,119.09097964718845,123.79414367675781,116.56925964355469,65.92910766601562,73.84466552734375
2016-05-16 12:00:00,206.66666666666666,97.46163394267658,348.3333333333333,301.6666666666667,135.0,354.8893780336381,119.87144038362415,112.10009790534201,111.28729248046875,133.41610717773438,65.90908813476562,71.2956314086914
2016-05-16 13:00:00,266.6666666666667,97.46163394267658,348.3333333333333,268.3333333333333,173.33333333333334,354.98871204424876,113.56546025021015,106.23816505830598,124.79426574707031,108.5385513305664,67.87102508544922,75.26318359375
2016-05-16 14:00:00,88.33333333333333,97.46163394267658,348.3333333333333,318.3333333333333,88.33333333333333,355.08804605485943,109.28846857624544,102.63962203401178,102.49713897705078,114.1152572631836,70.87498474121094,80.30355834960938
2016-05-16 15:00:00,111.66666666666667,97.46163394267658,348.3333333333333,201.66666666666666,70.0,355.1873800654701,103.98015945690932,97.1836921418053,113.55933380126953,103.82181549072266,71.54824829101562,80.1368179321289
2016-05-16 16:00:00,88.33333333333333,97.46163394267658,348.3333333333333,351.6666666666667,78.33333333333333,355.2867140760808,131.24367133482102,126.7290012749394,115.49417114257812,128.44554138183594,88.08042907714844,98.05542755126953
2016-05-16 17:00:00,243.33333333333334,97.46163394267658,348.3333333333333,231.66666666666666,268.3333333333333,355.38604808669146,183.17123743391727,182.43408592889918,196.35084533691406,154.94325256347656,166.7912139892578,154.47409057617188
2016-05-16 18:00:00,155.0,97.46163394267658,348.3333333333333,348.3333333333333,120.0,355.48538209730214,177.52287282615495,178.10585517879585,165.27842712402344,196.57098388671875,142.37246704101562,142.9271697998047
2016-05-16 19:00:00,115.0,97.46163394267658,348.3333333333333,123.33333333333333,110.0,355.5847161079128,124.22616330506756,125.18588213091834,134.4051513671875,138.106689453125,112.83229064941406,106.22578430175781
2016-05-16 20:00:00,96.66666666666667,97.46163394267658,348.3333333333333,100.0,95.0,355.6840501185235,111.4088150573238,111.81167964920176,122.0593032836914,144.51779174804688,99.90038299560547,90.3798828125
2016-05-16 21:00:00,68.33333333333333,97.46163394267658,348.3333333333333,71.66666666666667,71.66666666666667,355.7833841291342,78.8158977532224,76.9281088390854,110.04995727539062,108.23058319091797,67.946533203125,64.36604309082031
2016-05-16 22:00:00,46.666666666666664,97.46163394267658,348.3333333333333,60.0,71.66666666666667,355.8827181397449,64.43093145214948,62.485047370886214,86.132568359375,94.98689270019531,60.05620193481445,56.32973098754883
2016-05-16 23:00:00,60.0,97.46163394267658,348.3333333333333,56.666666666666664,60.0,355.98205215035557,58.65855294260676,55.80625721218651,69.57147216796875,70.95319366455078,56.93514633178711,55.02326202392578
2016-05-17 00:00:00,50.0,97.46163394267658,348.3333333333333,55.0,51.666666666666664,356.08138616096625,48.874307656073995,53.5268266267081,55.77434158325195,58.39369583129883,55.5263557434082,54.80634689331055
2016-05-17 01:00:00,55.0,97.46163394267658,348.3333333333333,53.333333333333336,55.0,356.1807201715769,48.64658057641674,53.585924033959785,50.21159362792969,54.480125427246094,54.894290924072266,55.943572998046875
2016-05-17 02:00:00,51.666666666666664,97.46163394267658,348.3333333333333,58.333333333333336,56.666666666666664,356.2800541821876,47.46885908467752,52.887141151281014,49.98574447631836,53.19243621826172,54.75737380981445,55.98240280151367
2016-05-17 03:00:00,53.333333333333336,97.46163394267658,348.3333333333333,58.333333333333336,56.666666666666664,356.3793881927983,46.32499319877016,51.88526328875628,48.65622329711914,51.70817184448242,53.5752067565918,54.05298614501953
2016-05-17 04:00:00,53.333333333333336,97.46163394267658,348.3333333333333,50.0,50.0,356.47872220340895,45.97455147647253,52.08088715173276,47.69420623779297,52.15514373779297,53.72158432006836,54.92570877075195
2016-05-17 05:00:00,58.333333333333336,97.46163394267658,348.3333333333333,58.333333333333336,71.66666666666667,356.5780562140196,54.994185251927746,61.10628777542896,60.48491287231445,60.422664642333984,62.50545120239258,59.706634521484375
2016-05-17 06:00:00,56.666666666666664,97.46163394267658,348.3333333333333,146.66666666666666,63.333333333333336,356.6773902246303,65.4209401744944,71.04650116898773,122.57832336425781,87.313232421875,66.44196319580078,62.3212776184082
2016-05-17 07:00:00,65.0,97.46163394267658,348.3333333333333,176.66666666666666,60.0,356.776724235241,94.21384392778006,99.07114650619805,106.2533187866211,105.82618713378906,70.87064361572266,68.03114318847656
2016-05-17 08:00:00,56.666666666666664,97.46163394267658,348.3333333333333,338.3333333333333,56.666666666666664,356.87605824585165,111.39426003456953,115.6302608121838,127.1455078125,102.2557373046875,65.90937805175781,71.43643188476562
2016-05-17 09:00:00,51.666666666666664,97.46163394267658,348.3333333333333,93.33333333333333,55.0,356.9753922564623,102.59143839146196,106.40167258443743,91.55841064453125,112.59175872802734,55.7142333984375,62.9157829284668
2016-05-17 10:00:00,53.333333333333336,97.46163394267658,348.3333333333333,73.33333333333333,53.333333333333336,357.074726267073,111.39730656319614,114.33335149268713,112.30464172363281,94.06707000732422,55.47502899169922,62.687435150146484
2016-05-17 11:00:00,51.666666666666664,97.46163394267658,348.3333333333333,355.0,56.666666666666664,357.1740602776837,116.48474272676967,119.08620098634324,94.73219299316406,94.24066162109375,55.986873626708984,61.29912185668945
2016-05-17 12:00:00,53.333333333333336,97.46163394267658,348.3333333333333,301.6666666666667,58.333333333333336,357.27339428829436,108.3156575853495,112.0962845000719,103.33125305175781,81.07658386230469,57.37569046020508,62.94761657714844
2016-05-17 13:00:00,41.666666666666664,97.46163394267658,348.3333333333333,268.3333333333333,53.333333333333336,357.37272829890503,103.11008220235152,106.23493415947584,87.14727020263672,82.37171936035156,57.50205993652344,63.11760711669922
2016-05-17 14:00:00,53.333333333333336,97.46163394267658,348.3333333333333,318.3333333333333,53.333333333333336,357.4720623095157,103.21424635038676,102.63541622394246,88.19880676269531,80.95751953125,56.48980712890625,64.50102996826172
2016-05-17 15:00:00,51.666666666666664,97.46163394267658,348.3333333333333,201.66666666666666,56.666666666666664,357.5713963201264,99.62470233120484,97.18162994520047,91.30120849609375,84.66978454589844,58.94061279296875,66.5680923461914
2016-05-17 16:00:00,66.66666666666667,97.46163394267658,348.3333333333333,351.6666666666667,63.333333333333336,357.67073033073706,129.44752689051415,126.72467288206354,94.05585479736328,93.35285949707031,73.02153015136719,80.35291290283203
2016-05-17 17:00:00,153.33333333333334,97.46163394267658,348.3333333333333,231.66666666666666,126.66666666666667,357.77006434134773,184.97166201109923,182.43311120403817,140.20840454101562,146.83956909179688,181.32452392578125,152.58909606933594
2016-05-17 18:00:00,100.0,97.46163394267658,348.3333333333333,348.3333333333333,101.66666666666667,357.86939835195847,179.83973578451025,178.10259317336906,184.24215698242188,204.37625122070312,150.79464721679688,144.02325439453125
2016-05-17 19:00:00,123.33333333333333,97.46163394267658,348.3333333333333,123.33333333333333,105.0,357.96873236256914,125.18766265877065,125.18440077769075,138.08212280273438,134.6129150390625,119.74153137207031,107.68506622314453
2016-05-17 20:00:00,118.33333333333333,97.46163394267658,348.3333333333333,100.0,95.0,358.0680663731798,109.25220391257406,111.81037011045355,124.22537994384766,126.43214416503906,99.2090072631836,95.45610046386719
2016-05-17 21:00:00,65.0,97.46163394267658,348.3333333333333,71.66666666666667,68.33333333333333,358.1674003837905,73.25538892182507,76.92724158211425,95.97201538085938,93.9898681640625,67.3387222290039,65.20082092285156
2016-05-17 22:00:00,46.666666666666664,97.46163394267658,348.3333333333333,60.0,58.333333333333336,358.26673439440117,58.08306061938981,62.48440833377603,69.552734375,75.75863647460938,58.845497131347656,57.12217330932617
2016-05-17 23:00:00,55.0,97.46163394267658,348.3333333333333,56.666666666666664,56.666666666666664,358.36606840501184,49.86617028041573,55.805804560544836,56.68594741821289,62.200862884521484,55.760372161865234,54.797672271728516
2016-05-18 00:00:00,51.666666666666664,97.46163394267658,348.3333333333333,55.0,51.666666666666664,358.4654024156225,42.53506418215974,53.526501477303825,51.336669921875,54.2560920715332,55.05128479003906,55.0019416809082
2016-05-18 01:00:00,53.333333333333336,97.46163394267658,348.3333333333333,53.333333333333336,56.666666666666664,358.5647364262332,43.078858098577655,53.585692836484206,50.45611572265625,54.243873596191406,54.8142204284668,55.48324966430664
2016-05-18 02:00:00,55.0,97.46163394267658,348.3333333333333,58.333333333333336,56.666666666666664,358.6640704368439,43.24532879212828,52.886973033345306,50.267417907714844,52.58314514160156,54.48936462402344,55.50620651245117
2016-05-18 03:00:00,51.666666666666664,97.46163394267658,348.3333333333333,58.333333333333336,53.333333333333336,358.76340444745455,41.4352494164348,51.885141926952514,51.027462005615234,54.084815979003906,52.87070083618164,53.84333038330078
2016-05-18 04:00:00,51.666666666666664,97.46163394267658,348.3333333333333,50.0,51.666666666666664,358.8627384580652,41.222012672867066,52.08080387954107,51.050254821777344,52.40411376953125,53.10640335083008,53.96940612792969
2016-05-18 05:00:00,65.0,97.46163394267658,348.3333333333333,58.333333333333336,68.33333333333333,358.9620724686759,49.775732714159346,61.106228956956556,58.956756591796875,63.50703048706055,60.99913024902344,61.2267951965332
2016-05-18 06:00:00,70.0,97.46163394267658,348.3333333333333,146.66666666666666,110.0,359.0614064792866,59.3583144252853,71.04641946244472,91.10601043701172,91.15998840332031,69.7899169921875,66.45643615722656
2016-05-18 07:00:00,53.333333333333336,97.46163394267658,348.3333333333333,176.66666666666666,76.66666666666667,359.16074048989725,88.46660274832831,99.07107608324237,99.3219985961914,116.418212890625,77.93634033203125,76.51024627685547
2016-05-18 08:00:00,61.666666666666664,97.46163394267658,348.3333333333333,338.3333333333333,161.66666666666666,359.2600745005079,106.57006547665142,115.63012494583191,126.3475570678711,131.01600646972656,77.49183654785156,82.95307159423828
2016-05-18 09:00:00,65.0,97.46163394267658,348.3333333333333,93.33333333333333,65.0,359.3594085111186,97.46567194757864,106.40166359031788,98.73296356201172,112.937744140625,67.13101196289062,70.8364028930664
2016-05-18 10:00:00,58.333333333333336,97.46163394267658,348.3333333333333,73.33333333333333,63.333333333333336,359.4587425217293,105.83043748832719,114.33336126590416,109.29690551757812,116.62770080566406,66.05152130126953,71.821044921875
2016-05-18 11:00:00,70.0,97.46163394267658,348.3333333333333,355.0,55.0,359.55807653233995,112.70718994723995,119.08607231436858,92.44637298583984,126.94743347167969,64.82374572753906,68.20658111572266
2016-05-18 12:00:00,56.666666666666664,97.46163394267658,348.3333333333333,301.6666666666667,56.666666666666664,359.65741054295063,106.2242595727937,112.09618181892394,92.80989074707031,111.05404663085938,63.11851119995117,66.17030334472656
2016-05-18 13:00:00,86.66666666666667,97.46163394267658,348.3333333333333,268.3333333333333,73.33333333333333,359.7567445535613,100.81299831980976,106.23484716311097,86.99565887451172,113.36609649658203,66.97219848632812,70.09412384033203
2016-05-18 14:00:00,81.66666666666667,97.46163394267658,348.3333333333333,318.3333333333333,80.0,359.856078564172,98.95463041678002,102.63530297676435,85.91612243652344,117.23662567138672,69.71282958984375,75.85877990722656
2016-05-18 15:00:00,83.33333333333333,97.46163394267658,348.3333333333333,201.66666666666666,76.66666666666667,359.9554125747827,92.45910683475833,97.18157441774045,88.55061340332031,111.9953384399414,69.97468566894531,75.25927734375
2016-05-18 16:00:00,105.0,97.46163394267658,348.3333333333333,351.6666666666667,75.0,360.0547465853934,120.92779909646632,126.72455633417837,98.1034927368164,127.8006591796875,85.18303680419922,87.32817077636719
2016-05-18 17:00:00,118.33333333333333,97.46163394267658,348.3333333333333,231.66666666666666,91.66666666666667,360.15408059600406,179.24895003216741,182.43308495823993,135.53428649902344,183.96141052246094,149.00164794921875,131.35194396972656
2016-05-18 18:00:00,178.33333333333334,97.46163394267658,348.3333333333333,348.3333333333333,101.66666666666667,360.25341460661474,176.35366003609886,178.10250533942184,189.9025115966797,210.14772033691406,143.76425170898438,131.39608764648438
2016-05-18 19:00:00,143.33333333333334,97.46163394267658,348.3333333333333,123.33333333333333,95.0,360.3527486172254,121.6812976968838,125.18436089023344,135.39796447753906,166.69717407226562,112.9808120727539,105.55874633789062
2016-05-18 20:00:00,223.33333333333334,97.46163394267658,348.3333333333333,100.0,85.0,360.4520826278361,105.52404722724893,111.81033484933572,122.48519897460938,139.43661499023438,99.2139892578125,92.53775787353516
2016-05-18 21:00:00,81.66666666666667,97.46163394267658,348.3333333333333,71.66666666666667,61.666666666666664,360.55141663844677,69.04931809112492,76.92721823003679,95.78866577148438,110.63418579101562,67.85726928710938,66.43663024902344
2016-05-18 22:00:00,51.666666666666664,97.46163394267658,348.3333333333333,60.0,55.0,360.65075064905744,52.59913530099348,62.48439112682978,58.41099548339844,79.52487182617188,59.238067626953125,57.13270568847656
2016-05-18 23:00:00,56.666666666666664,97.46163394267658,348.3333333333333,56.666666666666664,56.666666666666664,360.7500846596681,44.98564294480872,55.80579237228167,51.87825012207031,61.04771041870117,56.42243957519531,55.866920471191406
2016-05-19 00:00:00,51.666666666666664,97.46163394267658,348.3333333333333,55.0,56.666666666666664,360.8494186702788,45.741074264777865,53.526492722212396,49.2684326171875,55.52611541748047,55.20587158203125,55.3745231628418
2016-05-19 01:00:00,51.666666666666664,97.46163394267658,348.3333333333333,53.333333333333336,56.666666666666664,360.94875268088947,45.54567411103713,53.58568661117667,49.1818733215332,54.04664611816406,55.373348236083984,56.02248001098633
2016-05-19 02:00:00,50.0,97.46163394267658,348.3333333333333,58.333333333333336,56.666666666666664,361.04808669150015,43.862091816664844,52.88696850654046,48.28422546386719,50.803531646728516,55.10999298095703,55.92957305908203
2016-05-19 03:00:00,51.666666666666664,97.46163394267658,348.3333333333333,58.333333333333336,50.0,361.1474207021108,42.44470450793008,51.88513865912033,47.2508430480957,50.788246154785156,54.00438690185547,54.94427490234375
2016-05-19 04:00:00,56.666666666666664,97.46163394267658,348.3333333333333,50.0,56.666666666666664,361.2467547127215,43.099510674288354,52.080801637323674,46.5423583984375,51.537723541259766,54.3455696105957,54.998714447021484
2016-05-19 05:00:00,55.0,97.46163394267658,348.3333333333333,58.333333333333336,61.666666666666664,361.3460887233322,52.13664960938007,61.10622737318892,55.10913848876953,57.399295806884766,59.81757354736328,57.769901275634766
2016-05-19 06:00:00,58.333333333333336,97.46163394267658,348.3333333333333,146.66666666666666,48.333333333333336,361.44542273394285,61.650217438427745,71.04641726238457,125.12501525878906,82.28854370117188,65.82084655761719,61.753814697265625
2016-05-19 07:00:00,50.0,97.46163394267658,348.3333333333333,176.66666666666666,58.333333333333336,361.5447567445535,89.82603860008845,99.07107418700821,88.91273498535156,105.43844604492188,75.16899108886719,69.13812255859375
2016-05-19 08:00:00,53.333333333333336,97.46163394267658,348.3333333333333,338.3333333333333,51.666666666666664,361.6440907551642,107.05547162200182,115.63012128744504,143.67080688476562,104.7886962890625,75.81966400146484,73.4990234375
2016-05-19 09:00:00,36.666666666666664,97.46163394267658,348.3333333333333,93.33333333333333,48.333333333333336,361.7434247657749,98.74961877643094,106.40166334813894,76.62107849121094,107.90462493896484,63.258331298828125,67.52874755859375
2016-05-19 10:00:00,55.0,97.46163394267658,348.3333333333333,73.33333333333333,58.333333333333336,361.84275877638555,108.01936738037381,114.33336152906135,138.79794311523438,112.43708801269531,62.464805603027344,65.24365234375
2016-05-19 11:00:00,51.666666666666664,97.46163394267658,348.3333333333333,355.0,50.0,361.9420927869962,113.97310104159769,119.08606884970013,87.60542297363281,126.4596939086914,61.075355529785156,61.78871154785156
2016-05-19 12:00:00,55.0,97.46163394267658,348.3333333333333,301.6666666666667,55.0,362.04142679760696,106.0887099043371,112.09617905409395,136.6246795654297,128.33663940429688,61.35576629638672,62.57481384277344
2016-05-19 13:00:00,50.0,97.46163394267658,348.3333333333333,268.3333333333333,56.666666666666664,362.14076080821764,96.90046147739571,106.23484482061517,89.86328125,128.64491271972656,61.53813171386719,63.13502883911133
2016-05-19 14:00:00,63.333333333333336,97.46163394267658,348.3333333333333,318.3333333333333,56.666666666666664,362.2400948188283,90.30544952727683,102.63529992742959,121.3983154296875,131.03204345703125,61.6047477722168,63.574974060058594
2016-05-19 15:00:00,81.66666666666667,97.46163394267658,348.3333333333333,201.66666666666666,68.33333333333333,362.339428829439,86.66986242563277,97.18157292258783,90.66616821289062,126.5736312866211,64.59423828125,66.5234146118164
2016-05-19 16:00:00,90.0,97.46163394267658,348.3333333333333,351.6666666666667,118.33333333333333,362.43876284004966,117.96192293935482,126.72455319596757,101.18302154541016,128.67971801757812,79.42410278320312,78.52689361572266
2016-05-19 17:00:00,208.33333333333334,97.46163394267658,348.3333333333333,231.66666666666666,208.33333333333334,362.53809685066034,169.6383710607518,182.433084251536,139.3711700439453,170.36058044433594,170.84432983398438,139.14328002929688
2016-05-19 18:00:00,120.0,97.46163394267658,348.3333333333333,348.3333333333333,105.0,362.637430861271,165.23437888173166,178.10250297437298,195.0557403564453,190.96737670898438,150.47061157226562,137.37301635742188
2016-05-19 19:00:00,98.33333333333333,97.46163394267658,348.3333333333333,123.33333333333333,123.33333333333333,362.7367648718817,114.38992054351147,125.18435981620924,138.93096923828125,150.96217346191406,113.26161193847656,98.2519302368164
2016-05-19 20:00:00,118.33333333333333,97.46163394267658,348.3333333333333,100.0,100.0,362.83609888249237,104.32256252268411,111.81033389988201,131.2712860107422,133.6007843017578,98.43844604492188,88.8475112915039
2016-05-19 21:00:00,66.66666666666667,97.46163394267658,348.3333333333333,71.66666666666667,71.66666666666667,362.93543289310304,69.63305405410006,76.92721760125025,102.10579681396484,115.02363586425781,70.73869323730469,64.94187927246094
2016-05-19 22:00:00,50.0,97.46163394267658,348.3333333333333,60.0,60.0,363.0347669037137,54.571913208615825,62.484390663509274,63.885047912597656,92.81175994873047,61.6629524230957,57.62868118286133
2016-05-19 23:00:00,56.666666666666664,97.46163394267658,348.3333333333333,56.666666666666664,56.666666666666664,363.1341009143244,48.348394281282395,55.80579204409606,54.31263732910156,62.73264694213867,57.537803649902344,55.2496452331543
2016-05-20 00:00:00,51.666666666666664,97.46163394267658,348.3333333333333,55.0,55.0,363.23343492493507,54.00932180951645,53.526492486469614,51.64291763305664,53.13393020629883,56.23369216918945,55.215396881103516
2016-05-20 01:00:00,51.666666666666664,97.46163394267658,348.3333333333333,53.333333333333336,53.333333333333336,363.33276893554574,54.775602945666236,53.58568644355177,50.86479568481445,52.35426330566406,57.11337661743164,56.110313415527344
2016-05-20 02:00:00,36.666666666666664,97.46163394267658,348.3333333333333,58.333333333333336,58.333333333333336,363.4321029461564,53.93253071343338,52.88696838465007,49.80671691894531,52.20981216430664,56.017486572265625,56.62128829956055
2016-05-20 03:00:00,58.333333333333336,97.46163394267658,348.3333333333333,58.333333333333336,58.333333333333336,363.5314369567671,52.43405668186375,51.88513857112949,49.80073928833008,55.64447021484375,54.35939025878906,55.296321868896484
2016-05-20 04:00:00,51.666666666666664,97.46163394267658,348.3333333333333,50.0,50.0,363.63077096737777,53.15619754135176,52.080801576948915,50.190208435058594,54.67572021484375,53.46315002441406,55.181915283203125
2016-05-20 05:00:00,61.666666666666664,97.46163394267658,348.3333333333333,58.333333333333336,58.333333333333336,363.73010497798845,61.819408098177064,61.10622733054382,57.30409622192383,65.7417984008789,56.286842346191406,58.70197296142578
2016-05-20 06:00:00,66.66666666666667,97.46163394267658,348.3333333333333,146.66666666666666,146.66666666666666,363.8294389885991,70.77349908778234,71.04641720314494,119.79500579833984,111.37850952148438,72.83767700195312,69.21854400634766
2016-05-20 07:00:00,80.0,97.46163394267658,348.3333333333333,176.66666666666666,176.66666666666666,363.9287729992098,99.42470848921221,99.07107413594952,120.53131103515625,147.2836151123047,123.7555160522461,100.38272094726562
2016-05-20 08:00:00,126.66666666666667,97.46163394267658,348.3333333333333,338.3333333333333,338.3333333333333,364.0281070098205,115.92614410889448,115.63012118893798,155.71649169921875,178.0092315673828,134.6768798828125,116.9471435546875
2016-05-20 09:00:00,73.33333333333333,97.46163394267658,348.3333333333333,93.33333333333333,93.33333333333333,364.1274410204312,106.73650393308836,106.40166334161795,95.64605712890625,196.5198974609375,138.62191772460938,115.7651138305664
2016-05-20 10:00:00,81.66666666666667,97.46163394267658,348.3333333333333,73.33333333333333,73.33333333333333,364.2267750310419,116.2748450199986,114.33336153614722,126.07958984375,214.0883026123047,129.42666625976562,116.53046417236328
2016-05-20 11:00:00,73.33333333333333,97.46163394267658,348.3333333333333,355.0,355.0,364.32610904165256,121.78651163713911,119.0860687564092,104.61044311523438,214.6043243408203,144.78895568847656,140.9715118408203
2016-05-20 12:00:00,71.66666666666667,97.46163394267658,348.3333333333333,301.6666666666667,301.6666666666667,364.42544305226323,116.03941771787674,112.09617897964714,108.98094940185547,189.1812744140625,135.15890502929688,130.76898193359375
2016-05-20 13:00:00,61.666666666666664,97.46163394267658,348.3333333333333,268.3333333333333,268.3333333333333,364.5247770628739,112.43842654258563,106.23484475754027,118.29864501953125,137.87123107910156,118.35810089111328,119.75470733642578
2016-05-20 14:00:00,60.0,97.46163394267658,348.3333333333333,318.3333333333333,318.3333333333333,364.6241110734846,110.57138430769979,102.63529984532208,112.10096740722656,153.4559783935547,108.25004577636719,117.60298156738281
2016-05-20 15:00:00,46.666666666666664,97.46163394267658,348.3333333333333,201.66666666666666,201.66666666666666,364.72344508409526,105.88218344319313,97.18157288232881,122.06476593017578,133.8405303955078,104.45539093017578,112.08779907226562
2016-05-20 16:00:00,48.333333333333336,97.46163394267658,348.3333333333333,351.6666666666667,351.6666666666667,364.82277909470594,134.53750393791614,126.72455311146696,121.08694458007812,148.49502563476562,118.2192611694336,128.1229248046875
2016-05-20 17:00:00,75.0,97.46163394267658,348.3333333333333,231.66666666666666,231.66666666666666,364.9221131053166,188.44279537472752,182.43308423250704,149.302490234375,185.4598846435547,153.24600219726562,160.8203582763672
2016-05-20 18:00:00,78.33333333333333,97.46163394267658,348.3333333333333,348.3333333333333,348.3333333333333,365.0214471159273,181.81188689450758,178.10250291069082,194.3831787109375,206.81436157226562,152.33346557617188,144.83929443359375
2016-05-20 19:00:00,65.0,97.46163394267658,348.3333333333333,123.33333333333333,126.66666666666667,365.12078112653796,126.35263267711824,125.18435978728967,129.76971435546875,187.34115600585938,114.32212829589844,99.68792724609375
2016-05-20 20:00:00,70.0,97.46163394267658,348.3333333333333,100.0,116.66666666666667,365.22011513714864,110.79832805728105,111.81033387431667,120.32305908203125,173.376220703125,92.93527221679688,79.939453125
2016-05-20 21:00:00,65.0,97.46163394267658,348.3333333333333,71.66666666666667,71.66666666666667,365.3194491477593,75.50347832501726,76.92721758431931,126.41638946533203,135.79747009277344,70.49131774902344,63.14191818237305
2016-05-20 22:00:00,53.333333333333336,97.46163394267658,348.3333333333333,60.0,53.333333333333336,365.41878315837,60.636045924498916,62.484390651033735,82.43287658691406,129.04432678222656,60.07036209106445,57.500694274902344
2016-05-20 23:00:00,45.0,97.46163394267658,348.3333333333333,56.666666666666664,58.333333333333336,365.51811716898067,53.05408014893945,55.805792035259216,62.24796676635742,95.50022888183594,56.4989128112793,56.47010040283203
2016-05-21 00:00:00,48.333333333333336,97.46163394267658,348.3333333333333,55.0,51.666666666666664,365.61745117959134,58.027588721594455,53.52649248012192,63.202476501464844,63.189090728759766,55.64474868774414,56.608863830566406
2016-05-21 01:00:00,51.666666666666664,97.46163394267658,348.3333333333333,53.333333333333336,56.666666666666664,365.716785190202,58.99094634254685,53.58568643903824,63.547237396240234,72.32966613769531,55.70256042480469,57.19384002685547
2016-05-21 02:00:00,56.666666666666664,97.46163394267658,348.3333333333333,58.333333333333336,53.333333333333336,365.8161192008127,58.32857211744803,52.886968381368,61.24544906616211,69.38957214355469,54.87856674194336,56.245330810546875
2016-05-21 03:00:00,48.333333333333336,97.46163394267658,348.3333333333333,58.333333333333336,55.0,365.91545321142337,57.60111981464881,51.88513856876021,58.49186325073242,72.78334045410156,54.91713333129883,55.75543975830078
2016-05-21 04:00:00,56.666666666666664,97.46163394267658,348.3333333333333,50.0,55.0,366.01478722203404,57.97412495930287,52.08080157532324,55.616451263427734,89.13072204589844,54.39238739013672,56.07817840576172
2016-05-21 05:00:00,51.666666666666664,97.46163394267658,348.3333333333333,58.333333333333336,51.666666666666664,366.1141212326447,66.89100991553167,61.10622732939554,52.11077117919922,105.55979919433594,55.0472526550293,56.62678909301758
2016-05-21 06:00:00,60.0,97.46163394267658,348.3333333333333,146.66666666666666,53.333333333333336,366.21345524325545,77.16493469822154,71.04641720154983,96.4056625366211,133.576904296875,58.307373046875,59.273963928222656
2016-05-21 07:00:00,56.666666666666664,97.46163394267658,348.3333333333333,176.66666666666666,148.33333333333334,366.31278925386613,105.28481592991855,99.07107413457469,118.98452758789062,151.06924438476562,76.18354797363281,69.6253890991211
2016-05-21 08:00:00,208.33333333333334,97.46163394267658,348.3333333333333,338.3333333333333,121.66666666666667,366.4121232644768,122.00293087839599,115.63012118628554,134.97219848632812,155.0937957763672,109.77410125732422,83.25762176513672
2016-05-21 09:00:00,310.0,97.46163394267658,348.3333333333333,93.33333333333333,153.33333333333334,366.5114572750875,113.06407645481599,106.40166334144236,123.33464813232422,174.58128356933594,131.3851318359375,93.72698974609375
2016-05-21 10:00:00,383.3333333333333,97.46163394267658,348.3333333333333,73.33333333333333,178.33333333333334,366.61079128569816,121.9469314088674,114.33336153633802,143.12722778320312,157.47642517089844,155.72779846191406,100.76216888427734
2016-05-21 11:00:00,431.6666666666667,97.46163394267658,348.3333333333333,355.0,161.66666666666666,366.71012529630883,127.7098137958862,119.08606875389722,116.29302215576172,170.00926208496094,155.03622436523438,100.71381378173828
2016-05-21 12:00:00,228.33333333333334,97.46163394267658,348.3333333333333,301.6666666666667,86.66666666666667,366.8094593069195,121.48186511949427,112.09617897764255,130.67254638671875,160.57481384277344,141.3724365234375,97.2950439453125
2016-05-21 13:00:00,343.3333333333333,97.46163394267658,348.3333333333333,268.3333333333333,75.0,366.9087933175302,115.62140148635649,106.23484475584189,125.9415512084961,166.4027099609375,124.84222412109375,89.87950897216797
2016-05-21 14:00:00,303.3333333333333,97.46163394267658,348.3333333333333,318.3333333333333,88.33333333333333,367.00812732814086,111.12489190008722,102.63529984311123,121.67121887207031,160.74978637695312,112.94366455078125,87.30670928955078
2016-05-21 15:00:00,361.6666666666667,97.46163394267658,348.3333333333333,201.66666666666666,103.33333333333333,367.10746133875153,104.14629519480937,97.18157288124478,117.45181274414062,135.7617950439453,108.95648193359375,86.37864685058594
2016-05-21 16:00:00,100.0,97.46163394267658,348.3333333333333,351.6666666666667,91.66666666666667,367.2067953493622,131.503065227744,126.72455310919166,121.67744445800781,141.36328125,114.58955383300781,96.0171127319336
2016-05-21 17:00:00,95.0,97.46163394267658,348.3333333333333,231.66666666666666,83.33333333333333,367.3061293599729,187.57585110979895,182.43308423199466,194.48989868164062,185.18817138671875,124.96419525146484,122.66215515136719
2016-05-21 18:00:00,125.0,97.46163394267658,348.3333333333333,348.3333333333333,285.0,367.40546337058356,184.78554181275373,178.10250290897608,172.4014129638672,179.83592224121094,129.3504638671875,128.64877319335938
2016-05-21 19:00:00,108.33333333333333,97.46163394267658,348.3333333333333,123.33333333333333,120.0,367.50479738119424,132.17764007959775,125.18435978651097,132.34841918945312,190.5423583984375,99.2980728149414,93.00206756591797
2016-05-21 20:00:00,95.0,97.46163394267658,348.3333333333333,100.0,86.66666666666667,367.6041313918049,117.17907709831104,111.81033387362828,129.95762634277344,175.955810546875,87.40474700927734,84.19319915771484
2016-05-21 21:00:00,135.0,97.46163394267658,348.3333333333333,71.66666666666667,56.666666666666664,367.7034654024156,81.32289015585427,76.92721758386342,117.8223876953125,121.30537414550781,70.95381164550781,66.59068298339844
2016-05-21 22:00:00,73.33333333333333,97.46163394267658,348.3333333333333,60.0,58.333333333333336,367.80279941302626,66.09234506434815,62.48439065069781,90.83462524414062,134.90390014648438,62.43903732299805,60.08237838745117
2016-05-21 23:00:00,148.33333333333334,97.46163394267658,348.3333333333333,56.666666666666664,56.666666666666664,367.90213342363694,58.950242977849626,55.80579203502127,63.8724250793457,100.6590576171875,58.57451248168945,57.993709564208984
2016-05-22 00:00:00,60.0,97.46163394267658,348.3333333333333,55.0,58.333333333333336,368.0014674342476,58.16887913982637,53.526492479950996,58.21879196166992,101.05535888671875,57.07235336303711,57.39412307739258
2016-05-22 01:00:00,56.666666666666664,97.46163394267658,348.3333333333333,53.333333333333336,51.666666666666664,368.1008014448583,58.71049484336665,53.58568643891671,54.309879302978516,77.48023986816406,56.99312210083008,57.78429412841797
2016-05-22 02:00:00,51.666666666666664,97.46163394267658,348.3333333333333,58.333333333333336,55.0,368.20013545546897,57.67782397605623,52.88696838127962,53.18408966064453,85.8673324584961,56.16627502441406,58.01445388793945
2016-05-22 03:00:00,53.333333333333336,97.46163394267658,348.3333333333333,58.333333333333336,56.666666666666664,368.2994694660797,55.74496050633249,51.88513856869642,53.26648712158203,78.80622100830078,54.72658920288086,56.64461135864258
2016-05-22 04:00:00,55.0,97.46163394267658,348.3333333333333,50.0,50.0,368.3988034766904,56.84930084184627,52.080801575279466,53.15323257446289,109.72327423095703,53.73952865600586,56.17219161987305
2016-05-22 05:00:00,50.0,97.46163394267658,348.3333333333333,58.333333333333336,56.666666666666664,368.49813748730105,65.96758393770864,61.10622732936462,54.18316650390625,120.95854949951172,55.02121353149414,59.564247131347656
2016-05-22 06:00:00,58.333333333333336,97.46163394267658,348.3333333333333,146.66666666666666,50.0,368.5974714979117,74.93582737342768,71.04641720150688,127.72894287109375,161.6180419921875,55.52629470825195,59.16679763793945
2016-05-22 07:00:00,63.333333333333336,97.46163394267658,348.3333333333333,176.66666666666666,60.0,368.6968055085224,104.1600397263292,99.07107413453767,115.25643920898438,134.0432891845703,63.88660430908203,65.79739379882812
2016-05-22 08:00:00,190.0,97.46163394267658,348.3333333333333,338.3333333333333,183.33333333333334,368.7961395191331,121.24380637370275,115.63012118621411,160.61683654785156,169.78416442871094,85.06412506103516,72.17927551269531
2016-05-22 09:00:00,113.33333333333333,97.46163394267658,348.3333333333333,93.33333333333333,143.33333333333334,368.89547352974375,112.50710945139178,106.40166334143763,123.23834991455078,161.40005493164062,90.33729553222656,72.29940795898438
2016-05-22 10:00:00,201.66666666666666,97.46163394267658,348.3333333333333,73.33333333333333,135.0,368.99480754035443,121.27784704322954,114.33336153634316,150.30523681640625,163.32447814941406,89.60794830322266,72.26141357421875
2016-05-22 11:00:00,343.3333333333333,97.46163394267658,348.3333333333333,355.0,50.0,369.0941415509651,128.59999093607502,119.08606875382958,117.7907485961914,156.4319610595703,78.48036193847656,68.18255615234375
2016-05-22 12:00:00,126.66666666666667,97.46163394267658,348.3333333333333,301.6666666666667,56.666666666666664,369.1934755615758,124.38420661358118,112.09617897758858,120.3775634765625,164.39089965820312,71.19085693359375,63.78194046020508
2016-05-22 13:00:00,103.33333333333333,97.46163394267658,348.3333333333333,268.3333333333333,56.666666666666664,369.29280957218646,119.19941578882495,106.23484475579616,121.51953887939453,137.7270050048828,66.98352813720703,64.63563537597656
2016-05-22 14:00:00,106.66666666666667,97.46163394267658,348.3333333333333,318.3333333333333,56.666666666666664,369.39214358279713,117.1899554100103,102.6352998430517,130.6042022705078,139.41270446777344,66.01517486572266,65.94126892089844
2016-05-22 15:00:00,96.66666666666667,97.46163394267658,348.3333333333333,201.66666666666666,50.0,369.4914775934078,113.23420877831668,97.18157288121559,122.1783676147461,150.29193115234375,68.49954223632812,67.18064880371094
2016-05-22 16:00:00,88.33333333333333,97.46163394267658,348.3333333333333,351.6666666666667,55.0,369.5908116040185,142.05050354144566,126.7245531091304,141.9033203125,172.16514587402344,80.72810363769531,74.55016326904297
2016-05-22 17:00:00,265.0,97.46163394267658,348.3333333333333,231.66666666666666,56.666666666666664,369.69014561462916,196.2923901855228,182.43308423198087,192.91134643554688,188.97398376464844,115.8621597290039,104.66034698486328
2016-05-22 18:00:00,120.0,97.46163394267658,348.3333333333333,348.3333333333333,50.0,369.78947962523984,190.82716029282085,178.1025029089299,175.0773468017578,225.56521606445312,117.97547912597656,103.63308715820312
2016-05-22 19:00:00,96.66666666666667,97.46163394267658,348.3333333333333,123.33333333333333,60.0,369.8888136358505,136.25997813291002,125.18435978649,142.5675811767578,181.7894744873047,102.144775390625,92.6462173461914
2016-05-22 20:00:00,116.66666666666667,97.46163394267658,348.3333333333333,100.0,78.33333333333333,369.9881476464612,121.99672864448706,111.81033387360975,132.6641845703125,209.725830078125,90.15064239501953,85.84043884277344
2016-05-22 21:00:00,88.33333333333333,97.46163394267658,348.3333333333333,71.66666666666667,63.333333333333336,370.08748165707186,87.2002588085183,76.92721758385115,118.99967956542969,169.85464477539062,73.13296508789062,68.85686492919922
2016-05-22 22:00:00,78.33333333333333,97.46163394267658,348.3333333333333,60.0,58.333333333333336,370.18681566768254,71.51535049698101,62.484390650688766,108.5633544921875,182.71286010742188,62.22278594970703,61.7640380859375
2016-05-22 23:00:00,60.0,97.46163394267658,348.3333333333333,56.666666666666664,53.333333333333336,370.2861496782932,63.11796994039483,55.80579203501486,79.68199920654297,144.01580810546875,58.255821228027344,60.15433120727539
2016-05-23 00:00:00,58.333333333333336,97.46163394267658,348.3333333333333,55.0,55.0,370.38548368890395,54.487575584817364,53.52649247994639,63.912811279296875,127.22985076904297,56.86870193481445,59.02511215209961
2016-05-23 01:00:00,51.666666666666664,97.46163394267658,348.3333333333333,53.333333333333336,58.333333333333336,370.4848176995146,54.72019321022924,53.585686438913434,61.23251724243164,96.92650604248047,57.3431282043457,59.219303131103516
2016-05-23 02:00:00,58.333333333333336,97.46163394267658,348.3333333333333,58.333333333333336,55.0,370.5841517101253,54.57470579933633,52.88696838127724,60.91511917114258,106.51248931884766,56.87782669067383,59.596900939941406
2016-05-23 03:00:00,51.666666666666664,97.46163394267658,348.3333333333333,58.333333333333336,53.333333333333336,370.683485720736,54.0826608105193,51.8851385686947,60.10586166381836,88.12985229492188,55.968467712402344,58.41941452026367
2016-05-23 04:00:00,50.0,97.46163394267658,348.3333333333333,50.0,56.666666666666664,370.78281973134665,54.01614670540067,52.08080157527829,58.982059478759766,122.1233139038086,56.24888610839844,57.74208068847656
2016-05-23 05:00:00,66.66666666666667,97.46163394267658,348.3333333333333,58.333333333333336,65.0,370.8821537419573,62.88174507396795,61.10622732936379,56.91197204589844,109.75390625,61.84025573730469,60.31202697753906
2016-05-23 06:00:00,60.0,97.46163394267658,348.3333333333333,146.66666666666666,55.0,370.981487752568,72.1990558850924,71.04641720150573,111.5605239868164,147.208984375,62.29381561279297,62.716758728027344
2016-05-23 07:00:00,56.666666666666664,97.46163394267658,348.3333333333333,176.66666666666666,56.666666666666664,371.0808217631787,99.16488140932933,99.07107413453667,120.98040008544922,135.2389678955078,63.20645523071289,65.1545639038086
2016-05-23 08:00:00,51.666666666666664,97.46163394267658,348.3333333333333,338.3333333333333,61.666666666666664,371.18015577378935,116.01200047880448,115.6301211862122,138.015380859375,145.02847290039062,64.85488891601562,69.3939437866211
2016-05-23 09:00:00,55.0,97.46163394267658,348.3333333333333,93.33333333333333,66.66666666666667,371.2794897844,108.5173183393776,106.4016633414375,121.27062225341797,172.36289978027344,61.133140563964844,65.91529846191406
2016-05-23 10:00:00,51.666666666666664,97.46163394267658,348.3333333333333,73.33333333333333,55.0,371.3788237950107,118.27952453830484,114.3333615363433,163.67295837402344,170.0841064453125,63.24143981933594,66.64667510986328
2016-05-23 11:00:00,56.666666666666664,97.46163394267658,348.3333333333333,355.0,61.666666666666664,371.4781578056214,125.54953443745082,119.08606875382776,139.16009521484375,167.44778442382812,66.63258361816406,65.94076538085938
2016-05-23 12:00:00,61.666666666666664,97.46163394267658,348.3333333333333,301.6666666666667,135.0,371.57749181623205,120.92985094028457,112.09617897758713,125.46755981445312,143.74862670898438,70.92798614501953,67.92342376708984
2016-05-23 13:00:00,56.666666666666664,97.46163394267658,348.3333333333333,268.3333333333333,173.33333333333334,371.67682582684273,116.31428457064523,106.23484475579492,134.51075744628906,129.62705993652344,72.53213500976562,71.05561065673828
2016-05-23 14:00:00,58.333333333333336,97.46163394267658,348.3333333333333,318.3333333333333,88.33333333333333,371.7761598374534,114.86200024838077,102.63529984305009,117.86692810058594,138.4248504638672,72.9294204711914,72.24893188476562
2016-05-23 15:00:00,73.33333333333333,97.46163394267658,348.3333333333333,201.66666666666666,70.0,371.8754938480641,111.37698952836057,97.1815728812148,132.11260986328125,116.87952423095703,74.1727066040039,74.09967041015625
2016-05-23 16:00:00,156.66666666666666,97.46163394267658,348.3333333333333,351.6666666666667,78.33333333333333,371.97482785867476,141.44885112259936,126.72455310912875,135.72161865234375,149.80641174316406,86.14398193359375,84.4198989868164
2016-05-23 17:00:00,380.0,97.46163394267658,348.3333333333333,231.66666666666666,268.3333333333333,372.07416186928543,197.2683796020325,182.4330842319805,211.3361358642578,158.8295440673828,164.11654663085938,140.621337890625
2016-05-23 18:00:00,123.33333333333333,97.46163394267658,348.3333333333333,348.3333333333333,120.0,372.1734958798961,191.79483691390556,178.10250290892864,181.41098022460938,188.41351318359375,133.92445373535156,126.65828704833984
2016-05-23 19:00:00,120.0,97.46163394267658,348.3333333333333,123.33333333333333,110.0,372.2728298905068,136.7309268116722,125.18435978648944,150.2598419189453,161.37493896484375,102.01675415039062,96.44642639160156
2016-05-23 20:00:00,105.0,97.46163394267658,348.3333333333333,100.0,95.0,372.37216390111746,121.31723821140598,111.81033387360925,138.88388061523438,156.5463409423828,89.94603729248047,86.70082092285156
2016-05-23 21:00:00,68.33333333333333,97.46163394267658,348.3333333333333,71.66666666666667,71.66666666666667,372.4714979117282,84.33231286358084,76.92721758385082,119.6181640625,118.6031494140625,67.63821411132812,64.56108093261719
2016-05-23 22:00:00,63.333333333333336,97.46163394267658,348.3333333333333,60.0,71.66666666666667,372.57083192233887,67.05933352006757,62.484390650688525,119.17526245117188,137.52777099609375,61.12580490112305,58.73365783691406
2016-05-23 23:00:00,58.333333333333336,97.46163394267658,348.3333333333333,56.666666666666664,60.0,372.67016593294954,59.22001957607391,55.80579203501469,88.68145751953125,107.33497619628906,58.530818939208984,57.0343132019043
2016-05-24 00:00:00,50.0,97.46163394267658,348.3333333333333,55.0,51.666666666666664,372.7694999435602,48.67014560641462,53.52649247994627,63.70862579345703,99.76165008544922,56.747047424316406,56.39715576171875
2016-05-24 01:00:00,56.666666666666664,97.46163394267658,348.3333333333333,53.333333333333336,55.0,372.8688339541709,49.10992219044826,53.58568643891335,59.862361907958984,96.97382354736328,56.278629302978516,57.0948600769043
2016-05-24 02:00:00,55.0,97.46163394267658,348.3333333333333,58.333333333333336,56.666666666666664,372.96816796478157,49.44901065451663,52.88696838127718,54.56800842285156,95.21055603027344,56.28545379638672,57.33617401123047
2016-05-24 03:00:00,53.333333333333336,97.46163394267658,348.3333333333333,58.333333333333336,56.666666666666664,373.06750197539225,48.180469129484976,51.88513856869465,54.11273956298828,95.10870361328125,53.96957015991211,55.742427825927734
2016-05-24 04:00:00,53.333333333333336,97.46163394267658,348.3333333333333,50.0,50.0,373.1668359860029,47.75099662793667,52.08080157527826,54.090248107910156,112.30422973632812,54.027591705322266,55.41730880737305
2016-05-24 05:00:00,106.66666666666667,97.46163394267658,348.3333333333333,58.333333333333336,71.66666666666667,373.2661699966136,56.14278326477384,61.10622732936377,55.88194274902344,108.16104125976562,62.865867614746094,62.72065734863281
2016-05-24 06:00:00,71.66666666666667,97.46163394267658,348.3333333333333,146.66666666666666,63.333333333333336,373.3655040072243,66.74479613558097,71.0464172015057,107.39915466308594,130.4599151611328,63.91962432861328,62.89115905761719
2016-05-24 07:00:00,161.66666666666666,97.46163394267658,348.3333333333333,176.66666666666666,60.0,373.46483801783495,95.99214737767801,99.07107413453664,108.1661376953125,123.72569274902344,69.51274108886719,68.45864868164062
2016-05-24 08:00:00,56.666666666666664,97.46163394267658,348.3333333333333,338.3333333333333,56.666666666666664,373.5641720284456,112.67066205638733,115.63012118621214,120.29378509521484,126.10658264160156,61.27573776245117,68.8387222290039
2016-05-24 09:00:00,38.333333333333336,97.46163394267658,348.3333333333333,93.33333333333333,55.0,373.6635060390563,103.36373790958748,106.4016633414375,102.61267852783203,116.64532470703125,55.823707580566406,60.380916595458984
2016-05-24 10:00:00,66.66666666666667,97.46163394267658,348.3333333333333,73.33333333333333,53.333333333333336,373.762840049667,112.4502785559358,114.3333615363433,106.17327880859375,113.5765609741211,56.90375900268555,60.455562591552734
2016-05-24 11:00:00,101.66666666666667,97.46163394267658,348.3333333333333,355.0,56.666666666666664,373.86217406027765,118.3715215944768,119.08606875382772,111.26326751708984,119.0472183227539,59.72570037841797,62.18055725097656
2016-05-24 12:00:00,128.33333333333334,97.46163394267658,348.3333333333333,301.6666666666667,58.333333333333336,373.9615080708883,112.10924700546147,112.09617897758709,108.69263458251953,110.44866180419922,58.86968231201172,60.596214294433594
2016-05-24 13:00:00,118.33333333333333,97.46163394267658,348.3333333333333,268.3333333333333,53.333333333333336,374.060842081499,108.50757480668145,106.2348447557949,117.52588653564453,97.66166687011719,61.1590690612793,63.31769943237305
2016-05-24 14:00:00,150.0,97.46163394267658,348.3333333333333,318.3333333333333,53.333333333333336,374.1601760921097,106.65653028326412,102.63529984305005,111.40233612060547,105.18367767333984,61.29973220825195,67.20289611816406
2016-05-24 15:00:00,141.66666666666666,97.46163394267658,348.3333333333333,201.66666666666666,56.666666666666664,374.25951010272036,100.80194513199802,97.18157288121479,109.24696350097656,126.71541595458984,62.214752197265625,67.85287475585938
2016-05-24 16:00:00,141.66666666666666,97.46163394267658,348.3333333333333,351.6666666666667,63.333333333333336,374.35884411333103,130.3498890922288,126.7245531091287,109.40061950683594,146.4787139892578,75.62104797363281,77.49931335449219
2016-05-24 17:00:00,203.33333333333334,97.46163394267658,348.3333333333333,231.66666666666666,126.66666666666667,374.4581781239417,186.10933945423417,182.4330842319805,167.5768585205078,201.56375122070312,145.1994171142578,133.62269592285156
2016-05-24 18:00:00,136.66666666666666,97.46163394267658,348.3333333333333,348.3333333333333,101.66666666666667,374.55751213455244,181.89155761053556,178.1025029089286,180.06752014160156,210.90821838378906,124.46409606933594,119.6541519165039
2016-05-24 19:00:00,123.33333333333333,97.46163394267658,348.3333333333333,123.33333333333333,105.0,374.6568461451631,128.80871543380874,125.18435978648942,152.9927520751953,153.98951721191406,105.38168334960938,100.56745910644531
2016-05-24 20:00:00,96.66666666666667,97.46163394267658,348.3333333333333,100.0,95.0,374.7561801557738,112.83240762456802,111.81033387360924,117.36526489257812,148.7337646484375,90.9504623413086,89.45272827148438
2016-05-24 21:00:00,76.66666666666667,97.46163394267658,348.3333333333333,71.66666666666667,68.33333333333333,374.85551416638447,76.42628636474149,76.9272175838508,108.39640808105469,117.00091552734375,68.15885162353516,64.38192749023438
2016-05-24 22:00:00,61.666666666666664,97.46163394267658,348.3333333333333,60.0,58.333333333333336,374.95484817699514,61.03372732641421,62.48439065068852,88.01106262207031,137.92625427246094,59.9943733215332,57.45292282104492
2016-05-24 23:00:00,58.333333333333336,97.46163394267658,348.3333333333333,56.666666666666664,56.666666666666664,375.0541821876058,51.624016085742426,55.80579203501468,75.33026123046875,94.66278839111328,57.40032196044922,56.863136291503906
2016-05-25 00:00:00,53.333333333333336,97.46163394267658,348.3333333333333,55.0,51.666666666666664,375.1535161982165,42.9990406047466,53.52649247994627,59.54810333251953,98.01799774169922,56.374141693115234,55.82859420776367
2016-05-25 01:00:00,53.333333333333336,97.46163394267658,348.3333333333333,53.333333333333336,56.666666666666664,375.25285020882717,42.5699394396797,53.58568643891335,52.99005126953125,95.31951904296875,57.3036994934082,56.96324920654297
2016-05-25 02:00:00,56.666666666666664,97.46163394267658,348.3333333333333,58.333333333333336,56.666666666666664,375.35218421943785,41.77275255987823,52.88696838127718,54.714046478271484,105.52181243896484,56.95789337158203,57.380104064941406
2016-05-25 03:00:00,48.333333333333336,97.46163394267658,348.3333333333333,58.333333333333336,53.333333333333336,375.4515182300485,41.26982784581321,51.88513856869465,53.831031799316406,94.56282806396484,54.7298583984375,54.98871612548828
2016-05-25 04:00:00,55.0,97.46163394267658,348.3333333333333,50.0,51.666666666666664,375.5508522406592,41.57877043825812,52.08080157527826,53.79570388793945,112.04319763183594,55.754825592041016,55.27616882324219
2016-05-25 05:00:00,55.0,97.46163394267658,348.3333333333333,58.333333333333336,68.33333333333333,375.6501862512699,50.26284934814694,61.10622732936377,53.942928314208984,118.30758666992188,60.727928161621094,59.747318267822266
2016-05-25 06:00:00,55.0,97.46163394267658,348.3333333333333,146.66666666666666,110.0,375.74952026188055,59.748574633276746,71.0464172015057,102.43054962158203,115.93399810791016,67.55522155761719,65.33257293701172
2016-05-25 07:00:00,65.0,97.46163394267658,348.3333333333333,176.66666666666666,76.66666666666667,375.8488542724912,87.99567071477796,99.07107413453664,96.93236541748047,114.83104705810547,71.41984558105469,70.16556549072266
2016-05-25 08:00:00,83.33333333333333,97.46163394267658,348.3333333333333,338.3333333333333,161.66666666666666,375.9481882831019,105.28868576129543,115.63012118621214,113.58912658691406,143.63104248046875,74.43804931640625,73.23139953613281
2016-05-25 09:00:00,90.0,97.46163394267658,348.3333333333333,93.33333333333333,65.0,376.0475222937126,96.81305059516862,106.4016633414375,94.5690689086914,158.3179931640625,65.46685028076172,64.39678955078125
2016-05-25 10:00:00,78.33333333333333,97.46163394267658,348.3333333333333,73.33333333333333,63.333333333333336,376.14685630432325,104.85200302034804,114.3333615363433,105.3689956665039,153.67990112304688,64.4123306274414,64.2441177368164
2016-05-25 11:00:00,50.0,97.46163394267658,348.3333333333333,355.0,55.0,376.2461903149339,109.69891679414908,119.08606875382772,99.38883209228516,138.7734832763672,63.2969856262207,60.739627838134766
2016-05-25 12:00:00,60.0,97.46163394267658,348.3333333333333,301.6666666666667,56.666666666666664,376.3455243255446,103.86868691357316,112.09617897758709,90.98766326904297,129.84317016601562,64.167236328125,61.23335266113281
2016-05-25 13:00:00,71.66666666666667,97.46163394267658,348.3333333333333,268.3333333333333,73.33333333333333,376.4448583361553,98.79345457024874,106.2348447557949,90.37200927734375,117.30066680908203,67.58255767822266,63.27431869506836
2016-05-25 14:00:00,80.0,97.46163394267658,348.3333333333333,318.3333333333333,80.0,376.54419234676595,96.29677719361163,102.63529984305005,86.10438537597656,105.63007354736328,69.03438568115234,64.58065032958984
2016-05-25 15:00:00,80.0,97.46163394267658,348.3333333333333,201.66666666666666,76.66666666666667,376.6435263573767,91.36597648104609,97.18157288121479,84.73533630371094,102.44860076904297,71.68755340576172,67.61758422851562
2016-05-25 16:00:00,231.66666666666666,97.46163394267658,348.3333333333333,351.6666666666667,75.0,376.74286036798736,118.39652159933189,126.7245531091287,87.6325454711914,106.75519561767578,81.33683013916016,78.0699234008789
2016-05-25 17:00:00,118.33333333333333,97.46163394267658,348.3333333333333,231.66666666666666,91.66666666666667,376.84219437859804,173.0186315586116,182.4330842319805,136.45115661621094,160.1276397705078,136.8724822998047,141.9706268310547
2016-05-25 18:00:00,156.66666666666666,97.46163394267658,348.3333333333333,348.3333333333333,101.66666666666667,376.9415283892087,169.10212287650586,178.1025029089286,193.07347106933594,146.8258514404297,133.5823974609375,137.01715087890625
2016-05-25 19:00:00,118.33333333333333,97.46163394267658,348.3333333333333,123.33333333333333,95.0,377.0408623998194,113.75942067466374,125.18435978648942,146.81434631347656,137.46168518066406,107.46580505371094,101.28923034667969
2016-05-25 20:00:00,190.0,97.46163394267658,348.3333333333333,100.0,85.0,377.14019641043006,99.99272149918198,111.81033387360924,113.49510192871094,119.34590911865234,92.15445709228516,87.3473129272461
2016-05-25 21:00:00,56.666666666666664,97.46163394267658,348.3333333333333,71.66666666666667,61.666666666666664,377.23953042104074,66.5827766186307,76.9272175838508,98.9875259399414,98.52277374267578,67.33482360839844,61.14082717895508
2016-05-25 22:00:00,53.333333333333336,97.46163394267658,348.3333333333333,60.0,55.0,377.3388644316514,52.416203331395394,62.48439065068852,78.58635711669922,82.34210205078125,59.9842529296875,56.10769271850586
2016-05-25 23:00:00,53.333333333333336,97.46163394267658,348.3333333333333,56.666666666666664,56.666666666666664,377.4381984422621,45.25932810283766,55.80579203501468,71.3095474243164,75.91470336914062,57.027408599853516,54.63447952270508
2016-05-26 00:00:00,53.333333333333336,97.46163394267658,348.3333333333333,55.0,56.666666666666664,377.53753245287277,44.072708778416285,53.52649247994627,60.123870849609375,77.26994323730469,55.87530517578125,54.545413970947266
2016-05-26 01:00:00,55.0,97.46163394267658,348.3333333333333,53.333333333333336,56.666666666666664,377.63686646348344,43.734907107167345,53.58568643891335,56.759220123291016,83.95623779296875,55.93606185913086,55.75581741333008
2016-05-26 02:00:00,50.0,97.46163394267658,348.3333333333333,58.333333333333336,56.666666666666664,377.7362004740941,43.026202069683194,52.88696838127718,53.16505432128906,80.1718978881836,56.00632858276367,56.728050231933594
2016-05-26 03:00:00,56.666666666666664,97.46163394267658,348.3333333333333,58.333333333333336,50.0,377.8355344847048,42.327176641162396,51.88513856869465,52.18497848510742,87.86109161376953,53.87800979614258,54.939788818359375
2016-05-26 04:00:00,50.0,97.46163394267658,348.3333333333333,50.0,56.666666666666664,377.93486849531547,42.32221171447122,52.08080157527826,53.02777862548828,95.80685424804688,53.914207458496094,54.72610855102539
2016-05-26 05:00:00,56.666666666666664,97.46163394267658,348.3333333333333,58.333333333333336,61.666666666666664,378.03420250592615,50.38038230759847,61.10622732936377,53.73366928100586,106.26984405517578,60.36208724975586,61.76496887207031
2016-05-26 06:00:00,61.666666666666664,97.46163394267658,348.3333333333333,146.66666666666666,48.333333333333336,378.1335365165368,60.0917026504014,71.0464172015057,108.1475601196289,129.8119354248047,64.12665557861328,61.82376480102539
2016-05-26 07:00:00,100.0,97.46163394267658,348.3333333333333,176.66666666666666,58.333333333333336,378.2328705271475,88.21783913409897,99.07107413453664,110.54827117919922,117.39765167236328,73.65035247802734,67.68441772460938
2016-05-26 08:00:00,156.66666666666666,97.46163394267658,348.3333333333333,338.3333333333333,51.666666666666664,378.3322045377582,104.6369150093104,115.63012118621214,126.96575927734375,115.91344451904297,70.08821105957031,66.49896240234375
2016-05-26 09:00:00,276.6666666666667,97.46163394267658,348.3333333333333,93.33333333333333,48.333333333333336,378.43153854836885,95.56525692002722,106.4016633414375,105.26691436767578,104.79922485351562,62.36316680908203,61.676918029785156
2016-05-26 10:00:00,265.0,97.46163394267658,348.3333333333333,73.33333333333333,58.333333333333336,378.5308725589795,104.01949420615628,114.3333615363433,112.1898422241211,113.25687408447266,62.97914505004883,61.41334533691406
2016-05-26 11:00:00,243.33333333333334,97.46163394267658,348.3333333333333,355.0,50.0,378.6302065695902,109.05771093252761,119.08606875382772,106.91653442382812,100.76582336425781,61.78465270996094,57.12174606323242
2016-05-26 12:00:00,221.66666666666666,97.46163394267658,348.3333333333333,301.6666666666667,55.0,378.72954058020093,100.53336480280117,112.09617897758709,104.15147399902344,86.35084533691406,60.37076950073242,56.85102844238281
2016-05-26 13:00:00,75.0,97.46163394267658,348.3333333333333,268.3333333333333,56.666666666666664,378.8288745908116,92.40245215813553,106.2348447557949,93.60037231445312,101.66592407226562,62.36244583129883,58.64690017700195
2016-05-26 14:00:00,68.33333333333333,97.46163394267658,348.3333333333333,318.3333333333333,56.666666666666664,378.9282086014223,89.88959683870345,102.63529984305005,90.60040283203125,101.08279418945312,63.02281951904297,62.41873550415039
2016-05-26 15:00:00,61.666666666666664,97.46163394267658,348.3333333333333,201.66666666666666,68.33333333333333,379.02754261203296,84.44650384443457,97.18157288121479,89.26966094970703,99.2137451171875,63.60866165161133,62.9560546875
2016-05-26 16:00:00,495.0,97.46163394267658,348.3333333333333,351.6666666666667,118.33333333333333,379.12687662264364,110.85804924037254,126.7245531091287,90.2738265991211,107.03339385986328,78.98506927490234,75.95446014404297
2016-05-26 17:00:00,440.0,97.46163394267658,348.3333333333333,231.66666666666666,208.33333333333334,379.2262106332543,165.69381963663474,182.4330842319805,128.3629913330078,160.98016357421875,148.47853088378906,127.40708923339844
2016-05-26 18:00:00,215.0,97.46163394267658,348.3333333333333,348.3333333333333,105.0,379.325544643865,162.66082941614374,178.1025029089286,195.49098205566406,172.08380126953125,125.70806121826172,115.35696411132812
2016-05-26 19:00:00,223.33333333333334,97.46163394267658,348.3333333333333,123.33333333333333,123.33333333333333,379.42487865447566,111.29543918095035,125.18435978648942,141.48316955566406,144.09158325195312,104.89570617675781,98.00077056884766
2016-05-26 20:00:00,91.66666666666667,97.46163394267658,348.3333333333333,100.0,100.0,379.52421266508634,98.92807611469914,111.81033387360924,128.48231506347656,155.3410186767578,90.606201171875,86.04638671875
2016-05-26 21:00:00,76.66666666666667,97.46163394267658,348.3333333333333,71.66666666666667,71.66666666666667,379.623546675697,66.35736687320838,76.9272175838508,101.93177795410156,114.0254898071289,68.00077819824219,64.33979797363281
2016-05-26 22:00:00,70.0,97.46163394267658,348.3333333333333,60.0,60.0,379.7228806863077,53.3119271373898,62.48439065068852,72.05026245117188,117.21406555175781,59.889320373535156,57.69002151489258
2016-05-26 23:00:00,65.0,97.46163394267658,348.3333333333333,56.666666666666664,56.666666666666664,379.82221469691837,46.449871173284066,55.80579203501468,57.64165115356445,74.26631927490234,56.72239303588867,56.62761306762695
2016-05-27 00:00:00,60.0,97.46163394267658,348.3333333333333,55.0,55.0,379.92154870752904,51.15398200324725,53.52649247994627,52.786224365234375,78.4548568725586,56.220882415771484,56.3438835144043
2016-05-27 01:00:00,58.333333333333336,97.46163394267658,348.3333333333333,53.333333333333336,53.333333333333336,380.0208827181397,51.21399939066447,53.58568643891335,53.162105560302734,83.99132537841797,56.97434616088867,58.08705520629883
2016-05-27 02:00:00,50.0,97.46163394267658,348.3333333333333,58.333333333333336,58.333333333333336,380.1202167287504,50.718027370631006,52.88696838127718,53.327598571777344,83.67787170410156,56.91111755371094,58.352752685546875
2016-05-27 03:00:00,58.333333333333336,97.46163394267658,348.3333333333333,58.333333333333336,58.333333333333336,380.21955073936107,49.98761380842873,51.88513856869465,54.29515075683594,87.40219116210938,54.898075103759766,56.2838020324707
2016-05-27 04:00:00,58.333333333333336,97.46163394267658,348.3333333333333,50.0,50.0,380.31888474997174,50.35710250013267,52.08080157527826,53.70761489868164,104.1143569946289,53.901920318603516,57.346160888671875
2016-05-27 05:00:00,58.333333333333336,97.46163394267658,348.3333333333333,58.333333333333336,58.333333333333336,380.4182187605824,58.24243074643081,61.10622732936377,53.706382751464844,116.06377410888672,57.7124137878418,59.27560043334961
2016-05-27 06:00:00,63.333333333333336,97.46163394267658,348.3333333333333,146.66666666666666,146.66666666666666,380.5175527711931,68.17009908082619,71.0464172015057,93.9069595336914,141.74484252929688,78.8694076538086,68.53819274902344
2016-05-27 07:00:00,111.66666666666667,97.46163394267658,348.3333333333333,176.66666666666666,176.66666666666666,380.61688678180377,95.98489212503995,99.07107413453664,113.78750610351562,128.35903930664062,133.1582489013672,104.83091735839844
2016-05-27 08:00:00,130.0,97.46163394267658,348.3333333333333,338.3333333333333,338.3333333333333,380.71622079241445,113.3059433867883,115.63012118621214,146.11126708984375,159.11544799804688,144.06268310546875,105.1512680053711
2016-05-27 09:00:00,251.66666666666666,97.46163394267658,348.3333333333333,93.33333333333333,93.33333333333333,380.8155548030252,104.00818706510469,106.4016633414375,113.74126434326172,136.61465454101562,141.14422607421875,121.80758666992188
2016-05-27 10:00:00,251.66666666666666,97.46163394267658,348.3333333333333,73.33333333333333,73.33333333333333,380.9148888136358,111.46691127327551,114.3333615363433,128.13473510742188,163.72341918945312,140.42581176757812,121.75887298583984
2016-05-27 11:00:00,310.0,97.46163394267658,348.3333333333333,355.0,355.0,381.01422282424653,116.4916675675889,119.08606875382772,109.39851379394531,175.16424560546875,144.22869873046875,121.81939697265625
2016-05-27 12:00:00,185.0,97.46163394267658,348.3333333333333,301.6666666666667,301.6666666666667,381.1135568348572,108.58898957423071,112.09617897758709,111.33998107910156,146.93917846679688,139.86123657226562,120.12509155273438
2016-05-27 13:00:00,265.0,97.46163394267658,348.3333333333333,268.3333333333333,268.3333333333333,381.2128908454679,102.96900617789834,106.2348447557949,110.69108581542969,137.75119018554688,127.56419372558594,112.36247253417969
2016-05-27 14:00:00,101.66666666666667,97.46163394267658,348.3333333333333,318.3333333333333,318.3333333333333,381.31222485607856,100.79039503791111,102.63529984305005,113.80719757080078,145.42823791503906,117.2994155883789,108.58446502685547
2016-05-27 15:00:00,76.66666666666667,97.46163394267658,348.3333333333333,201.66666666666666,201.66666666666666,381.41155886668923,94.91885505492095,97.18157288121479,112.93679809570312,130.4430694580078,110.18528747558594,107.484130859375
2016-05-27 16:00:00,135.0,97.46163394267658,348.3333333333333,351.6666666666667,351.6666666666667,381.5108928772999,123.37180713955868,126.7245531091287,116.2618179321289,135.508544921875,121.34040832519531,121.17709350585938
2016-05-27 17:00:00,180.0,97.46163394267658,348.3333333333333,231.66666666666666,231.66666666666666,381.6102268879106,180.19388957725565,182.4330842319805,156.00209045410156,176.59124755859375,154.3163299560547,145.08657836914062
2016-05-27 18:00:00,430.0,97.46163394267658,348.3333333333333,348.3333333333333,348.3333333333333,381.70956089852126,176.33376555460293,178.1025029089286,203.88339233398438,213.80911254882812,161.63816833496094,130.49700927734375
